{
  "language": "en",
  "demoMode": true,
  "priceMergeSize": 100,
  "maxSize": 0.01,
  "minSize": 0.01,
  "minTargetProfitPercent": 1.0,
  "exitNetProfitRatio": 20,
  "maxTargetVolumePercent": 50.0,
  "iterationInterval": 3000,
  "positionRefreshInterval": 5000,
  "sleepAfterSend": 5000,
  "maxNetExposure": 0.1,
  "maxRetryCount": 10,
  "orderStatusCheckInterval": 3000,
  "onSingleLeg": {
    "action": "Reverse",
    "actionOnExit": "Proceed",
    "options": {
      "limitMovePercent": 5,
      "ttl": 3000
    }
  },
  "analytics": {
    "enabled": false,
    "plugin": "SimpleSpreadStatHandler.js",
    "initialHistory": { "minutes": 30 }
  },
  "brokers": [
    {
      "broker": "Coincheck",
      "enabled": true,
      "key": "xxxxxx",
      "secret": "xxxxxx",
      "maxLongPosition": 0.15,
      "maxShortPosition": 0.15,
      "cashMarginType": "NetOut",
      "commissionPercent": 0
    },
    {
      "broker": "Bitflyer",
      "enabled": true,
      "key": "xxxxxx",
      "secret": "xxxxxx",
      "maxLongPosition": 0.03,
      "maxShortPosition": 0,
      "cashMarginType": "Cash",
      "commissionPercent": 0,
      "noTradePeriods": [["04:00", "04:15"]]
    },
    {
      "broker": "Quoine",
      "enabled": true,
      "key": "xxxxxx",
      "secret": "xxxxxx",
      "maxLongPosition": 0.15,
      "maxShortPosition": 0.15,
      "cashMarginType": "NetOut",
      "leverageLevel": 10,
      "commissionPercent": 0
    }
  ],
  "logging": {
    "slack": {
      "enabled": false,
      "url": "https://hooks.slack.com/services/xxxxxx",
      "channel": "#ch1",
      "username": "abc",
      "keywords": ["error", "profit"]
    },
    "line": {
      "enabled": false,
      "token": "TOKEN",
      "keywords": ["error", "profit"]
    }
  }
}
